titulo_del_producto,descripcion_del_producto,identificador_del_listing,sku_del_vendedor,fecha_de_creacion
TUBOPLUS Goma Fija-Grip DE Color Rosa para Sujetar EL Grip U OVERGRIP Y NO TENGAS LA Necesidad DE Poner LA Cinta Aislante!!,"GOMA FIJA-GRIP DE COLORES PARA SUJETAR EL GRIP U OVERGRIP Y NO TENGAS LA NECESIDAD DE PONER LA CINTA AISLANTE. ¬°PERSONALIZA TU RAQUETA TENIS O PALA DE PADEL! Objetivos de la Goma Fija-Gris: 1. Nunca m√°s se te soltar√° el grip. 2. Localiza r√°pido tu raqueta. 3. Ajusta tu Grip u Overgrip para que no se suelte. 4. No coloques m√°s la cinta aislante, con la Goma Fija-Gris tienes asegurado el agarre de tu Grip. 5. Diferencia tu pala de las dem√°s. 6. Dale un toque moderno y de color a la pala. 7. Conjunta tu pala con las zapatillas.",0831QCUN6TW,1T-ZK3F-CWMR,2016-08-31 16:55:27+00:00
TUBOPLUS 29PSI X3e con Bomba - Presurizador de Pelotas de P√°del y Tenis | Capacidad para 3 Pelotas | Bote Herm√©tico | Incluye Inflador con Man√≥metro,"Recupera la presi√≥n de tus pelotas con m√°xima precisi√≥n El Tubo Plus 29PSI X3e con Bomba te ofrece una soluci√≥n completa para conservar el rebote y la presi√≥n de 3 pelotas. Su dise√±o compacto y port√°til lo hace ideal para entrenamientos y competiciones. üìå Incluye bomba de aire con man√≥metro, permiti√©ndote ajustar la presi√≥n hasta 29 PSI con precisi√≥n. Beneficios clave: ‚úî Capacidad para 3 pelotas, optimizando espacio y comodidad. ‚úî Bomba de aire con man√≥metro incluida, ajuste de presi√≥n personalizado. ‚úî Cierre herm√©tico sin fugas, evitando p√©rdidas de aire. ‚úî Compatible con todas las marcas de pelotas de p√°del y tenis. ‚úî Dise√±o premium en ABS ultraresistente. Instrucciones de uso: 1Ô∏è‚É£ Introduce las pelotas en el tubo. 2Ô∏è‚É£ Cierra la tapa asegurando un sellado herm√©tico. 3Ô∏è‚É£ Usa la bomba de aire incluida para presurizar hasta 29 PSI. 4Ô∏è‚É£ Almacena el presurizador en un lugar seco hasta el pr√≥ximo uso.",0314FMA9H2J,29PSIX3_CB_2,2025-03-14 02:46:22+00:00
TUBOPLUS 29PSI X3e - Presurizador de Pelotas de P√°del y Tenis | Capacidad para 3 Pelotas | Bote Herm√©tico | Requiere Bomba de Aire (No Incluida),"Mant√©n tus pelotas de p√°del y tenis siempre a punto Con el Tubo Plus 29PSI, tus pelotas de p√°del y tenis mantendr√°n su rebote y presi√≥n original durante mucho m√°s tiempo. Gracias a su sistema de presurizaci√≥n avanzado, evita que las bolas pierdan elasticidad, permiti√©ndote ahorrar en pelotas nuevas y mejorar tu experiencia de juego. üìå Disponible en dos versiones: ‚úî X3e: Capacidad para 3 pelotas, dise√±o compacto y f√°cil de transportar. ‚úî X4e: Capacidad para 4 pelotas, ideal para entrenamientos intensivos. üí° IMPORTANTE: Este producto requiere una bomba de aire compatible con su v√°lvula para presurizar las pelotas (los modelos con bomba ya incluyen inflador con man√≥metro). üìå Instrucciones de uso: 1Ô∏è‚É£ Coloca las pelotas dentro del tubo (3 o 4 seg√∫n el modelo). 2Ô∏è‚É£ Cierra la tapa asegur√°ndote de que el sellado es correcto. 3Ô∏è‚É£ Conecta una bomba de aire compatible con la v√°lvula. 4Ô∏è‚É£ Infla hasta alcanzar una presi√≥n de 29 PSI (usando el man√≥metro si tu modelo lo incluye). 5Ô∏è‚É£ Guarda el presurizador en un lugar fresco y seco hasta el pr√≥ximo uso.",0314FM6DHKK,29PSIX3_SB,2025-03-14 02:46:22+00:00
TUBOPLUS 29PSI X4e con Bomba - Presurizador de Pelotas de P√°del y Tenis | Capacidad para 4 Pelotas | Bote Herm√©tico | Incluye Inflador con Man√≥metro,"El presurizador m√°s completo para entrenamientos de alto nivel El Tubo Plus 29PSI X4e con Bomba es la soluci√≥n definitiva para conservar la presi√≥n y el rebote de 4 pelotas de p√°del y tenis. Su bomba de aire con man√≥metro incluida permite ajustar la presi√≥n hasta 29 PSI, garantizando el mejor rendimiento en cada partido. üìå Incluye bomba de aire con man√≥metro, permiti√©ndote personalizar la presi√≥n de las pelotas seg√∫n tus necesidades. Beneficios clave: ‚úî Capacidad para 4 pelotas, perfecto para entrenamientos intensivos. ‚úî Bomba de aire con man√≥metro incluida, ajuste preciso de la presi√≥n. ‚úî Cierre herm√©tico sin fugas, evitando p√©rdidas de aire. ‚úî Compatible con todas las marcas de pelotas de p√°del y tenis. ‚úî Dise√±o premium en ABS ultraresistente. Instrucciones de uso: 1Ô∏è‚É£ Introduce las pelotas en el tubo. 2Ô∏è‚É£ Cierra la tapa asegurando un sellado herm√©tico. 3Ô∏è‚É£ Usa la bomba de aire incluida para presurizar hasta 29 PSI. 4Ô∏è‚É£ Almacena el presurizador en un lugar seco hasta el pr√≥ximo uso. Beneficios clave: ‚úî Capacidad para 4 pelotas, perfecto para entrenamientos intensivos. ‚úî Bomba de aire con man√≥metro incluida, ajuste preciso de la presi√≥n. ‚úî Cierre herm√©tico sin fugas, evitando p√©rdidas de aire. ‚úî Compatible con todas las marcas de pelotas de p√°del y tenis. ‚úî Dise√±o premium en ABS ultraresistente. Instrucciones de uso: 1Ô∏è‚É£ Introduce las pelotas en el tubo. 2Ô∏è‚É£ Cierra la tapa asegurando un sellado herm√©tico. 3Ô∏è‚É£ Usa la bomba de aire incluida para presurizar hasta 29 PSI. 4Ô∏è‚É£ Almacena el presurizador en un lugar seco hasta el pr√≥ximo uso.",0314FMACM5G,29PSIX4_CB,2025-03-14 02:46:22+00:00
TUBOPLUS 29PSI X4e - Presurizador de Pelotas de P√°del y Tenis | Capacidad para 4 Pelotas | Bote Herm√©tico | Requiere Bomba de Aire (No Incluida),"Mayor capacidad para entrenamientos m√°s exigentes El Tubo Plus 29PSI X4e permite conservar la presi√≥n de hasta 4 pelotas, ofreciendo una soluci√≥n ideal para jugadores que entrenan con m√°s bolas y buscan maximizar su rendimiento. üìå Este modelo requiere una bomba de aire compatible con su v√°lvula (no incluida) para restaurar la presi√≥n √≥ptima en las pelotas. Beneficios clave: ‚úî Capacidad para 4 pelotas, ideal para entrenamientos intensivos. ‚úî Cierre herm√©tico sin fugas, manteniendo la presi√≥n estable. ‚úî Ahorra en pelotas nuevas y mejora tu rendimiento. ‚úî Compatible con todas las marcas de pelotas de p√°del y tenis. ‚úî Dise√±o premium en ABS ultraresistente. Instrucciones de uso: 1Ô∏è‚É£ Introduce las pelotas en el tubo. 2Ô∏è‚É£ Cierra la tapa asegurando un sellado herm√©tico. 3Ô∏è‚É£ Conecta una bomba de aire compatible y presuriza hasta 29 PSI. 4Ô∏è‚É£ Almacena el presurizador en un lugar seco hasta el pr√≥ximo uso.",0314FM7XOTM,29PSIX4_SB,2025-03-14 02:42:11+00:00
TUBOPLUS X3 - Presurizador de Pelotas de P√°del y Tenis | Bote Herm√©tico para Mantener la Presi√≥n y Recuperar el Rebote | Capacidad para 3 Pelotas | No Incluye Inflador de Aire - Color Dorado,"¬øTus pelotas pierden rebote demasiado r√°pido? El Tubo Plus X3 es un bote herm√©tico presurizador dise√±ado para recuperar y mantener la presi√≥n de hasta 3 pelotas de p√°del o tenis, prolongando su vida √∫til hasta 4 veces m√°s. Juega siempre con pelotas como nuevas, sin necesidad de renovarlas constantemente. Este modelo requiere el uso de una bomba de aire o inflador compatible (no incluida) para alcanzar la presi√≥n ideal de 29 PSI. Su dise√±o compacto y premium en ABS ultraresistente lo hace perfecto para llevarlo en tu bolsa y proteger las pelotas de golpes y fugas de aire. Beneficios clave: ‚úî Mantiene la presi√≥n interna y el rebote √≥ptimo. ‚úî Evita pelotas blandas y sin elasticidad. ‚úî Compatible con todas las marcas de pelotas de p√°del y tenis. ‚úî Ideal para jugadores que buscan ahorro, rendimiento y durabilidad. Instrucciones de uso: 1Ô∏è‚É£ Coloca hasta 3 pelotas dentro del tubo. 2Ô∏è‚É£ Cierra la tapa asegurando el cierre herm√©tico. 3Ô∏è‚É£ Conecta una bomba de aire est√°ndar y presuriza hasta 29 PSI. 4Ô∏è‚É£ Guarda el bote en un lugar seco hasta tu pr√≥ximo partido.",0717BMAETTH,4R-VSV0-WZ9Z,2024-07-17 11:38:37+00:00
TUBOPLUS Reposici√≥n Junta T√ìRICA para TuboX3 y TuboX3 Crystal Ball Pressurizers,"Recambio del elemento m√°s importante de los presurizadores de 3 pelotas de La Marca TuboPlus. ¬°¬°NO ES COMPATIBLE CON OTROS PRESURIZADORES QUE NO SEAN DE LA MARCA TUBOPLUS!! Sustituye la JUNTA T√ìRICA seg√∫n el uso, recomendamos CAMBIARLA 1 VEZ AL A√ëO. Asegura la presurizaci√≥n al 100% cambiando la junta de tu TuboPlus cada a√±o. TUBOPLUS: N¬∫ 1 por 3 a√±os consecutivos 2017, 2018 y 2019. TUBOX3 ES EL √öNICO PRESURIZADOR A LA VENTA EN TODAS LAS GRANDES CADENAS DE TIENDAS DE ESPA√ëA E INTERNACIONALMENTE. LAS JUNTAS T√ìRICAS SE ENCUENTRAN EN LA VIDA COTIDIANA en equipos para impedir el intercambio de l√≠quidos o gases en las uniones entre piezas desmontables. Las juntas t√≥ricas necesitan un mantenimiento adecuado. ALGUNAS RECOMENDACIONES PARA SU USO SON LAS SIGUIENTES:",1229PERKNEW,ES-C9YX-7X8Y,2015-12-29 14:19:01+00:00
Tubo Plus X3 - Presurizador de Pelotas de P√°del y Tenis | Bote Herm√©tico para Mantener la Presi√≥n y Recuperar el Rebote | Capacidad para 3 Pelotas | No Incluye Inflador de Aire - Color Naranja," ""¬øTus pelotas pierden rebote demasiado r√°pido? El Tubo Plus X3 es un bote herm√©tico presurizador dise√±ado para recuperar y mantener la presi√≥n de hasta 3 pelotas de p√°del o tenis, prolongando su vida √∫til hasta 4 veces m√°s. Juega siempre con pelotas como nuevas, sin necesidad de renovarlas constantemente. Este modelo requiere el uso de una bomba de aire o inflador compatible (no incluida) para alcanzar la presi√≥n ideal de 29 PSI. Su dise√±o compacto y premium en ABS ultraresistente lo hace perfecto para llevarlo en tu bolsa y proteger las pelotas de golpes y fugas de aire. Beneficios clave: ‚úî Mantiene la presi√≥n interna y el rebote √≥ptimo. ‚úî Evita pelotas blandas y sin elasticidad. ‚úî Compatible con todas las marcas de pelotas de p√°del y tenis. ‚úî Ideal para jugadores que buscan ahorro, rendimiento y durabilidad. Instrucciones de uso: 1Ô∏è‚É£ Coloca hasta 3 pelotas dentro del tubo. 2Ô∏è‚É£ Cierra la tapa asegurando el cierre herm√©tico. 3Ô∏è‚É£ Conecta una bomba de aire est√°ndar y presuriza hasta 29 PSI. 4Ô∏è‚É£ Guarda el bote en un lugar seco hasta tu pr√≥ximo partido.""",0105QZERMKW,IB-IKLG-TV8H,2016-05-01 09:39:34+00:00
Tubo Plus X3 - Presurizador de Pelotas de P√°del y Tenis | Bote Herm√©tico para Mantener la Presi√≥n y Recuperar el Rebote | Capacidad para 3 Pelotas | No Incluye Inflador de Aire - Color Azul,"¬øTus pelotas pierden rebote demasiado r√°pido? El Tubo Plus X3 es un bote herm√©tico presurizador dise√±ado para recuperar y mantener la presi√≥n de hasta 3 pelotas de p√°del o tenis, prolongando su vida √∫til hasta 4 veces m√°s. Juega siempre con pelotas como nuevas, sin necesidad de renovarlas constantemente. Este modelo requiere el uso de una bomba de aire o inflador compatible (no incluida) para alcanzar la presi√≥n ideal de 29 PSI. Su dise√±o compacto y premium en ABS ultraresistente lo hace perfecto para llevarlo en tu bolsa y proteger las pelotas de golpes y fugas de aire. Beneficios clave: ‚úî Mantiene la presi√≥n interna y el rebote √≥ptimo. ‚úî Evita pelotas blandas y sin elasticidad. ‚úî Compatible con todas las marcas de pelotas de p√°del y tenis. ‚úî Ideal para jugadores que buscan ahorro, rendimiento y durabilidad. Instrucciones de uso: 1Ô∏è‚É£ Coloca hasta 3 pelotas dentro del tubo. 2Ô∏è‚É£ Cierra la tapa asegurando el cierre herm√©tico. 3Ô∏è‚É£ Conecta una bomba de aire est√°ndar y presuriza hasta 29 PSI. 4Ô∏è‚É£ Guarda el bote en un lugar seco hasta tu pr√≥ximo partido.",0718BP3BZW6,MD-R60M-OYR1,2024-07-18 12:07:45+00:00
TUBOPLUS X3 - Presurizador de Pelotas de P√°del y Tenis | Bote Herm√©tico para Mantener la Presi√≥n y Recuperar el Rebote | Capacidad para 3 Pelotas | No Incluye Inflador de Aire - Color Rosa,"¬øTus pelotas pierden rebote demasiado r√°pido? El Tubo Plus X3 es un bote herm√©tico presurizador dise√±ado para recuperar y mantener la presi√≥n de hasta 3 pelotas de p√°del o tenis, prolongando su vida √∫til hasta 4 veces m√°s. Juega siempre con pelotas como nuevas, sin necesidad de renovarlas constantemente. Este modelo requiere el uso de una bomba de aire o inflador compatible (no incluida) para alcanzar la presi√≥n ideal de 29 PSI. Su dise√±o compacto y premium en ABS ultraresistente lo hace perfecto para llevarlo en tu bolsa y proteger las pelotas de golpes y fugas de aire. Beneficios clave: ‚úî Mantiene la presi√≥n interna y el rebote √≥ptimo. ‚úî Evita pelotas blandas y sin elasticidad. ‚úî Compatible con todas las marcas de pelotas de p√°del y tenis. ‚úî Ideal para jugadores que buscan ahorro, rendimiento y durabilidad. Instrucciones de uso: 1Ô∏è‚É£ Coloca hasta 3 pelotas dentro del tubo. 2Ô∏è‚É£ Cierra la tapa asegurando el cierre herm√©tico. 3Ô∏è‚É£ Conecta una bomba de aire est√°ndar y presuriza hasta 29 PSI. 4Ô∏è‚É£ Guarda el bote en un lugar seco hasta tu pr√≥ximo partido.",0130AC0TAY7,TUBOX3-PINK,2023-01-30 16:29:42+00:00
Tubo Plus X3 - Presurizador de Pelotas de P√°del y Tenis | Bote Herm√©tico para Mantener la Presi√≥n y Recuperar el Rebote | Capacidad para 3 Pelotas | No Incluye Inflador de Aire - Color Blanco,"¬øTus pelotas pierden rebote demasiado r√°pido? El Tubo Plus X3 es un bote herm√©tico presurizador dise√±ado para recuperar y mantener la presi√≥n de hasta 3 pelotas de p√°del o tenis, prolongando su vida √∫til hasta 4 veces m√°s. Juega siempre con pelotas como nuevas, sin necesidad de renovarlas constantemente. Este modelo requiere el uso de una bomba de aire o inflador compatible (no incluida) para alcanzar la presi√≥n ideal de 29 PSI. Su dise√±o compacto y premium en ABS ultraresistente lo hace perfecto para llevarlo en tu bolsa y proteger las pelotas de golpes y fugas de aire. Beneficios clave: ‚úî Mantiene la presi√≥n interna y el rebote √≥ptimo. ‚úî Evita pelotas blandas y sin elasticidad. ‚úî Compatible con todas las marcas de pelotas de p√°del y tenis. ‚úî Ideal para jugadores que buscan ahorro, rendimiento y durabilidad. Instrucciones de uso: 1Ô∏è‚É£ Coloca hasta 3 pelotas dentro del tubo. 2Ô∏è‚É£ Cierra la tapa asegurando el cierre herm√©tico. 3Ô∏è‚É£ Conecta una bomba de aire est√°ndar y presuriza hasta 29 PSI. 4Ô∏è‚É£ Guarda el bote en un lugar seco hasta tu pr√≥ximo partido.",0130ABVFN6K,TUBOX3-WHI,2023-01-30 16:29:42+00:00
TUBOPLUS - Bote presurizador para Pelotas de p√°del y Tenis | TUBOX4 Crystal (SIN Bomba) | Compresor para Pelotas | Accesorios indispensables,"Sum√©rgete en una experiencia de juego inigualable con el presurizador padel TUBOPLUS. Dise√±ado meticulosamente para los apasionados del p√°del y el tenis, este innovador dispositivo revoluciona la forma en que experimentas cada partido. El presurizador pelotas padel TUBOPLUS est√° dise√±ado para maximizar la durabilidad y el rendimiento de tus pelotas de p√°del y tenis. Con un proceso sencillo, restaura la presi√≥n interna y disfruta de un rebote constante y preciso. Mant√©n la emoci√≥n de cada partido al m√°ximo y experimenta la satisfacci√≥n de jugar con pelotas que siempre est√°n en su mejor estado. Un dise√±o apto para todo tipo de bolas padel: pelotas padel adidas, pelotas padel bullpadel, pelotas padel head pro, pelotas padel dunlop, pelotas de padel wilson, pelotas padel babolat, pelotas de padel. Adem√°s de mejorar el rendimiento, el TUBOPLUS tambi√©n es un camino hacia el ahorro a largo plazo. Evita la compra frecuente de nuevas pelotas y aprovecha al m√°ximo cada una de ellas. Contribuye al medio ambiente al reducir el desperdicio y al mismo tiempo, ahorra dinero en tu pasatiempo favorito. ¬øPreocupado por la compatibilidad con tus pelotas? El TUBOPLUS es tu soluci√≥n universal. Dise√±ado para acomodar pelotas de p√°del y tenis de todas las marcas, es una respuesta a tus inquietudes. Sin necesidad de bombas adicionales ni habilidades t√©cnicas, el proceso es sencillo y r√°pido. Recupera la confianza en tus pelotas con el TUBOX3 CRYSTAL. Su dise√±o transparente te permite observar c√≥mo las pelotas recuperan su presi√≥n √≥ptima. La transparencia de su dise√±o te permite estar seguro de que est√°s listo para cada partido con pelotas en las mejores condiciones. El TUBOPLUS no solo mejora el rendimiento de las pelotas, sino que tambi√©n contribuye a un juego m√°s seguro. Reduce el riesgo de lesiones al mantener un rebote consistente y controlado.",0130ABZ2X8Q,TUBOX4-CRY-SB,2023-01-30 16:29:42+00:00
TUBOPLUS - TuboX4 Crystal + Bomba con Man√≥metro - Presurizador de Pelotas de Tenis y Padel,"TuboX4 Crystal mantiene y recupera la presi√≥n de las pelotas de tenis y padel para tenerlas perfectas entre partido y partido. Gracias a su v√°lvula de alta gama es posible inyectar aire en el interior del cilindro y aumentar la presi√≥n, permitiendo recuperar completamente las pelotas. F√°cil de usar y resistente. Tiene capacidad para botes de 3 y 4 pelotas, pero tambi√©n funciona con menos.",1031VUJD0TH,UG-965T-RORR,2019-10-31 12:47:35+00:00
REPOSICI√ìN Junta T√ìRICA para TUBOX4,"Recambio del elemento m√°s importante de los presurizadores de 4 pelotas de la Marca TuboPlus. ¬°¬°NO ES COMPATIBLE CON OTROS PRESURIZADORES QUE NO SEAN DE LA MARCA TUBOPLUS!! Sustituye la JUNTA T√ìRICA seg√∫n el uso, recomendamos CAMBIARLA 1 VEZ AL A√ëO. Asegura la presurizaci√≥n al 100% cambiando la junta de tu TuboPlus cada a√±o. TUBOPLUS: N¬∫ 1 por 4 a√±os consecutivos 2017, 2018, 2019 y 2020. TUBOPLUS ES LA √öNICA MARCA DE PRESURIZADORES A LA VENTA EN TODAS LAS GRANDES CADENAS DE TIENDAS DE ESPA√ëA E INTERNACIONALMENTE. LAS JUNTAS T√ìRICAS SE ENCUENTRAN EN LA VIDA COTIDIANA en equipos para impedir el intercambio de l√≠quidos o gases en las uniones entre piezas desmontables. Las juntas t√≥ricas necesitan un mantenimiento adecuado.",0611XPV85MQ,XH-D7NU-I2MU,2020-11-06 08:26:33+00:00
TUBOPLUS 29PSI - Presurizador de Pelotas de P√°del y Tenis | Mantiene la Presi√≥n y el Rebote | Bote Herm√©tico para Alargar la Vida √ötil de Las Pelotas,"Mant√©n tus pelotas de p√°del y tenis siempre a punto Con el Tubo Plus 29PSI, tus pelotas de p√°del y tenis mantendr√°n su rebote y presi√≥n original durante mucho m√°s tiempo. Gracias a su sistema de presurizaci√≥n avanzado, evita que las bolas pierdan elasticidad, permiti√©ndote ahorrar en pelotas nuevas y mejorar tu experiencia de juego. üìå Disponible en dos versiones: ‚úî X3E: Capacidad para 3 pelotas, dise√±o compacto y f√°cil de transportar. ‚úî X4E: Capacidad para 4 pelotas, ideal para entrenamientos intensivos. üí° IMPORTANTE: Este producto requiere una bomba de aire compatible con su v√°lvula para presurizar las pelotas (los modelos con bomba ya incluyen inflador con man√≥metro). üìå Instrucciones de uso: 1Ô∏è‚É£ Coloca las pelotas dentro del tubo (3 o 4 seg√∫n el modelo). 2Ô∏è‚É£ Cierra la tapa asegur√°ndote de que el sellado es correcto. 3Ô∏è‚É£ Conecta una bomba de aire compatible con la v√°lvula. 4Ô∏è‚É£ Infla hasta alcanzar una presi√≥n de 29 PSI (usando el man√≥metro si tu modelo lo incluye). 5Ô∏è‚É£ Guarda el presurizador en un lugar fresco y seco hasta el pr√≥ximo uso.",0314FM68YIO,29PSI_PARENT,2025-03-14 02:05:14+00:00
"TUBOPLUS Bomba de Aire Manual de Aluminio, 27 cm, Man√≥metro 360¬∞, Compatible Schrader/Presta, 80 PSI, Azul","Descubre la bomba de aire manual TuboPlus de 27 cm, una herramienta premium dise√±ada para ofrecer m√°xima eficiencia y precisi√≥n. Fabricada en aleaci√≥n de aluminio de alta calidad, cuenta con un innovador man√≥metro de 38 mm que gira 360 grados para una lectura √≥ptima desde cualquier √°ngulo. Su cabezal autom√°tico patentado es compatible con v√°lvulas Schrader y Presta, eliminando la necesidad de adaptadores adicionales. El mango ergon√≥mico en forma de T facilita el inflado, permitiendo alcanzar una presi√≥n m√°xima de 80 PSI (5,52 BAR). Esta bomba vers√°til es perfecta para bicicletas y equipamiento deportivo, combinando durabilidad con facilidad de uso. Su dise√±o elegante en color azul y su construcci√≥n robusta garantizan un rendimiento consistente. Ideal para ciclistas y deportistas que buscan una soluci√≥n confiable para mantener la presi√≥n adecuada en sus equipos. La longitud de 27 cent√≠metros proporciona un equilibrio ideal entre potencia y portabilidad.",0718FEIC3QL,Long Pump,2025-07-18 09:34:10+00:00
"Bomba de Aire Manual con Man√≥metro 22cm ‚Äì Alta Presi√≥n 80 PSI ‚Äì Compatible Schrader/Presta ‚Äì Aluminio Premium ‚Äì para Bicicletas, Balones, F√∫tbol, Baloncesto","La bomba de aire manual de 22 cm de BETO es la combinaci√≥n perfecta de portabilidad y potencia. Con una estructura en aluminio de alta calidad y un man√≥metro de 360¬∞ que garantiza precisi√≥n desde cualquier √°ngulo, es ideal tanto para ciclistas como para deportistas. Gracias a su cabezal autom√°tico, es compatible con v√°lvulas Schrader y Presta sin necesidad de adaptadores. Su dise√±o permite inflar balones de f√∫tbol, baloncesto, voleibol y rugby, convirti√©ndola en un accesorio esencial para cualquier aficionado o profesional del deporte. Compacta, ligera y duradera: una bomba premium para llevar a todas partes.",0718FEI3TGW,Short_Pump,2025-07-18 09:28:31+00:00
TUBOPLUS - TuboX4 Crystal + Bomba con Man√≥metro - Presurizador de Pelotas de Tenis y Padel,"Si tus pelotas de p√°del y tenis pierden presi√≥n despu√©s de pocos partidos, el presurizador TUBOPLUS con bomba de aire y man√≥metro es la soluci√≥n ideal. Gracias a su sistema de cierre herm√©tico y su bomba incorporada, puedes ajustar la presi√≥n hasta 30 PSI y mantener las bolas en condiciones √≥ptimas por mucho m√°s tiempo. üîπ Presi√≥n ajustable con bomba manual y man√≥metro para un rebote perfecto. üîπ Sistema herm√©tico avanzado que evita fugas de aire y conserva la presi√≥n interna. üîπ Ahorro garantizado, prolongando la vida √∫til de las pelotas hasta 4 veces m√°s. üîπ Dise√±o universal, compatible con todas las marcas y tipos de pelotas de p√°del y tenis. Juega con pelotas siempre listas para la competici√≥n y ajusta la presi√≥n a tu medida. ¬°Domina la pista con un rebote perfecto en cada golpe!",0718FEUVCNF,X4CRY_CB,2025-07-18 10:48:28+00:00
TUBOPLUS - Bote presurizador para Pelotas de p√°del y Tenis | TUBOX4 Crystal | Compresor para Pelotas | Accesorios indispensables (X4 sin Bomba),"Si tus pelotas de p√°del y tenis pierden presi√≥n despu√©s de pocos partidos, el presurizador TUBOPLUS con bomba de aire y man√≥metro es la soluci√≥n ideal. Gracias a su sistema de cierre herm√©tico y su bomba incorporada, puedes ajustar la presi√≥n hasta 30 PSI y mantener las bolas en condiciones √≥ptimas por mucho m√°s tiempo. üîπ Presi√≥n ajustable con bomba manual y man√≥metro para un rebote perfecto. üîπ Sistema herm√©tico avanzado que evita fugas de aire y conserva la presi√≥n interna. üîπ Ahorro garantizado, prolongando la vida √∫til de las pelotas hasta 4 veces m√°s. üîπ Dise√±o universal, compatible con todas las marcas y tipos de pelotas de p√°del y tenis. Juega con pelotas siempre listas para la competici√≥n y ajusta la presi√≥n a tu medida. ¬°Domina la pista con un rebote perfecto en cada golpe!",0718FEG09TG,X4Crystal_SB,2025-07-18 09:45:42+00:00
TUBOPLUS X3 - Presurizador de Pelotas de P√°del y Tenis | Bote Herm√©tico para Mantener la Presi√≥n y Recuperar el Rebote | Capacidad para 3 Pelotas | No Incluye Inflador de Aire - Color Dorado,No description,0402F9KXPAC,amzn.gr.4R-VSV0-WZ9Z-Ta_1Vy_o1Bf4Y8Hm-LN,2025-02-04 09:19:27+00:00
TUBOPLUS - Bote presurizador para Pelotas de p√°del y Tenis | TUBOX4 Crystal (SIN Bomba) | Compresor para Pelotas | Accesorios indispensables,No description,0402F9LWKP3,amzn.gr.TUBOX4-CRY-SB-8qsTjCHh-850KrB-LN,2025-02-04 09:22:07+00:00
